{"start_time": 220, "moves": [[4], [2], [5], [0], [3], [0], [1], [7], [1], [7], [1], [1], [1], [3], [1]], "times": [0.28624909999780357, 0.00019180006347596645, 0.006276799947954714, 0.00010309997014701366, 0.0024674999294802547, 0.00010770000517368317, 0.016039500012993813, 9.360001422464848e-05, 0.016657899948768318, 0.0001762000611051917, 0.01739549997728318, 0.0001599000534042716, 0.002185499994084239, 0.0001218999968841672, 0.0008196999551728368], "cells_lost": [[], [], [], [], [], [], [], [], [], [[9, 5]], [], [[10, 5]], [[1, 5]], [[10, 4]], [[1, 6]]], "cells_gained": [[[1, 6]], [[10, 5]], [[0, 7]], [[10, 4]], [[1, 8]], [[10, 3]], [[2, 7]], [[9, 2]], [[3, 6]], [[8, 1]], [[4, 5]], [[9, 0]], [[5, 4]], [[10, 1]], [[6, 3]]], "traps_created": [[], [], [], [], [], [], [], [], [], [], [], [], [], [], []], "traps_lost": [[], [], [], [], [], [], [], [], [], [], [], [], [], [], []], "a_length": [5, 5, 5, 5, 5, 7, 7, 7, 7, 7, 7, 7, 7, 7, 7, 7], "b_length": [5, 5, 5, 5, 5, 5, 5, 5, 5, 5, 5, 5, 5, 5, 5, 5], "game_map": "11,11#1,5#9,5#5#2##0,1,8_0,9,8_30,1,8_30,9,8_60,3,0_60,7,0_90,1,4_90,9,4_120,4,3_120,6,3_150,1,5_150,9,5_180,0,3_180,10,3_210,0,1_210,10,1_240,5,4_270,3,4_270,7,4_300,1,5_300,9,5_330,0,5_330,10,5_360,3,0_360,7,0_390,3,2_390,7,2_420,0,9_420,10,9_450,0,7_450,10,7_480,3,4_480,7,4_510,0,9_510,10,9_540,3,8_540,7,8_570,1,10_570,9,10_600,3,0_600,7,0_630,0,9_630,10,9_660,2,9_660,8,9_690,3,0_690,7,0_720,5,6_750,4,5_750,6,5_780,2,3_780,8,3_810,4,7_810,6,7_840,1,5_840,9,5_870,2,3_870,8,3_900,5,0_930,4,7_930,6,7_960,5,4_990,1,2_990,9,2_1020,3,10_1020,7,10_1050,5,10_1080,2,1_1080,8,1_1110,1,4_1110,9,4_1140,0,9_1140,10,9_1170,4,9_1170,6,9_1200,5,10_1230,4,3_1230,6,3_1260,1,2_1260,9,2_1290,5,0_1320,3,0_1320,7,0_1350,2,9_1350,8,9_1380,3,4_1380,7,4_1410,1,10_1410,9,10_1440,1,2_1440,9,2_1470,1,0_1470,9,0_1500,1,2_1500,9,2_1530,4,9_1530,6,9_1560,5,8_1590,5,4_1620,0,5_1620,10,5_1650,5,4_1680,0,3_1680,10,3_1710,1,6_1710,9,6_1740,0,3_1740,10,3_1770,3,8_1770,7,8_1800,4,1_1800,6,1_1830,5,6_1860,3,6_1860,7,6_1890,0,7_1890,10,7_1920,5,0_1950,5,2_1980,1,2_1980,9,2#1010101010101010101010101010101010101010101000101010100000101010000010101010001010101010101010101010101010101010101010101#1", "bidA": 0, "bidB": 0, "a_start": true, "turn_count": 15, "result": 0, "reason": "forfeit"}