{"start_time": 220, "moves": [[0], [6], [1], [7], [7], [7], [0], [5], [6], [7], [5], [1], [3], [7], [5], [1], [4], [3], [2], [3], [3], [5], [1], [5], [3], [7], [4], [5], [2], [4], [3], [4], [4], [5], [2], [6], [1], [0], [1], [0], [1], [6], [3], [5], [5], [5], [5], [6], [7], [4], [1], [5], [7], [7], [1], [0], [7], [0], [1], [0], [3], [0], [4], [0], [6], [0], [7], [0], [1], [0], [1], [1], [7], [1], [1], [0], [3], [6], [3], [6], [5], [4], [7], [3], [7], [1], [1], [7], [3], [6], [3], [4], [5], [3], [7], [1], [7], [7], [1], [6], [3], [4], [3], [3], [5], [2], [7], [2], [7], [1], [7], [7], [7], [6], [5], [6], [5], [5], [7], [3], [1], [5], [1], [5], [1], [5], [2], [4], [2], [4], [3], [5], [4], [5], [2], [3], [3], [5], [1], [3], [2], [2], [4], [0], [4], [7], [4], [7], [3], [1], [5], [3], [5], [3], [6], [5], [4], [4], [4], [4], [2], [5], [2], [3], [2], [4], [1], [2], [0], [2], [0], [2], [7], [2], [6], [2], [4], [2], [5], [0], [5], [0], [4], [0], [4], [7], [4], [5], [2], [5], [2], [5], [2], [7], [3], [7], [4], [0], [4], [0], [5], [0], [7], [2], [5], [2], [6], [4], [0], [4], [0], [6], [2], [5], [2], [3], [0], [3], [0], [3], [0], [1], [7], [7], [7], [6], [0], [0], [6], [1], [5], [7], [7], [0], [5], [6], [5], [6], [3], [4], [3], [4], [3], [2], [4], [2], [6]], "times": [0.02095554699189961, 0.027903231792151928, 0.0021574569400399923, 0.0024989128578454256, 0.0020510079339146614, 0.0018286709673702717, 0.001955369021743536, 0.0018776801880449057, 0.0018437011167407036, 0.0032379250042140484, 0.0017877009231597185, 0.0030435870867222548, 0.0020670779049396515, 0.001836781157180667, 0.0019308989867568016, 0.002060687867924571, 0.002183995908126235, 0.002007449045777321, 0.0021726670674979687, 0.0017119520343840122, 0.002047318033874035, 0.002021589083597064, 0.0020531280897557735, 0.0022026270162314177, 0.002091358182951808, 0.0020398579072207212, 0.0021453669760376215, 0.0021236769389361143, 0.0017752209678292274, 0.0020137480460107327, 0.002094097901135683, 0.0018434911035001278, 0.0019025790970772505, 0.0018275000620633364, 0.0015884630847722292, 0.0018360600806772709, 0.0016615118365734816, 0.002086858032271266, 0.0018065508920699358, 0.0017836608458310366, 0.0017616909462958574, 0.002562082838267088, 0.0028050700202584267, 0.0024746540002524853, 0.0019917888566851616, 0.001965118804946542, 0.001723982160910964, 0.0019420790486037731, 0.001893690088763833, 0.0024470840580761433, 0.0018561698962002993, 0.0017251318786293268, 0.0017421809025108814, 0.0023664950858801603, 0.001827870961278677, 0.001959290122613311, 0.0019521189387887716, 0.0014710640534758568, 0.001984959002584219, 0.0015059839934110641, 0.0019354091491550207, 0.001478223828598857, 0.0023997940588742495, 0.001817940967157483, 0.0015971530228853226, 0.002083937870338559, 0.0023962140548974276, 0.001546414103358984, 0.0027518998831510544, 0.0019947781693190336, 0.0027278701309114695, 0.002240726025775075, 0.0018389809411019087, 0.0020511180628091097, 0.002140587894245982, 0.0024091838859021664, 0.0018116110004484653, 0.0014761739876121283, 0.0023667451459914446, 0.0014880651142448187, 0.0027541809249669313, 0.0010655890218913555, 0.0028353289235383272, 0.0014578949194401503, 0.002420363947749138, 0.002036459045484662, 0.0029628679621964693, 0.0025089639239013195, 0.0019275401718914509, 0.0011807680130004883, 0.0017384020611643791, 0.001150788040831685, 0.0026032021269202232, 0.002578491810709238, 0.002217476023361087, 0.0020486179273575544, 0.0019256190862506628, 0.002704251790419221, 0.0025765630416572094, 0.0015419539995491505, 0.002717541065067053, 0.0011760869529098272, 0.001757861115038395, 0.0015398429241031408, 0.0019283890724182129, 0.002672971924766898, 0.0017982611898332834, 0.002259026048704982, 0.0016134430188685656, 0.0018152100965380669, 0.002032228047028184, 0.0015443339943885803, 0.0018282411620020866, 0.0014900839887559414, 0.0019152900204062462, 0.001531332964077592, 0.0019878679886460304, 0.001522944075986743, 0.001884449040517211, 0.0019054701551795006, 0.0019219499081373215, 0.0021079981233924627, 0.0016744821332395077, 0.00201253779232502, 0.0018489800859242678, 0.002039638115093112, 0.0013252058997750282, 0.002065337961539626, 0.0013067061081528664, 0.0017619607970118523, 0.0013423559721559286, 0.00182271096855402, 0.0017452419269829988, 0.0019976079929620028, 0.0017069920431822538, 0.0020762679632753134, 0.0016694117803126574, 0.001839150907471776, 0.001846659928560257, 0.0019238400273025036, 0.0017550908960402012, 0.002398414071649313, 0.0015951530076563358, 0.0016225918661803007, 0.0018645799718797207, 0.0016144819092005491, 0.0014100649859756231, 0.0019560689106583595, 0.0014586341567337513, 0.0018667499534785748, 0.0017659810837358236, 0.0019008698873221874, 0.0017052209004759789, 0.0020361291244626045, 0.001792210852727294, 0.0018215109594166279, 0.0013113559689372778, 0.0018011410720646381, 0.0012474760878831148, 0.0016233520582318306, 0.0012678969651460648, 0.0016574920155107975, 0.0014785740058869123, 0.0018166007939726114, 0.0014470939058810472, 0.0018114198464900255, 0.0014129949267953634, 0.0013875348959118128, 0.0017221320886164904, 0.001278516836464405, 0.0014693038538098335, 0.0014940639957785606, 0.0016581229865550995, 0.0014406549744307995, 0.0016473520081490278, 0.00136736617423594, 0.0014942949637770653, 0.0013847157824784517, 0.0015242141671478748, 0.00108444900251925, 0.0016461119521409273, 0.001399424858391285, 0.0012168071698397398, 0.0013459648471325636, 0.0014122449792921543, 0.0014676239807158709, 0.00122957699932158, 0.001847350038588047, 0.0012909858487546444, 0.0018936700653284788, 0.0016728320624679327, 0.0018640200141817331, 0.0014989040791988373, 0.001709650969132781, 0.001504143001511693, 0.001719841966405511, 0.0017364209052175283, 0.001784160966053605, 0.0014794638846069574, 0.0016205429565161467, 0.0015122340992093086, 0.0016486819367855787, 0.001209706999361515, 0.002923419000580907, 0.0018946698401123285, 0.0015648240223526955, 0.001437844941392541, 0.0017292220145463943, 0.0009329100139439106, 0.001445824047550559, 0.001158887054771185, 0.0014477442018687725, 0.0010996190831065178, 0.0012265169061720371, 0.0011828970164060593, 0.0016145731788128614, 0.0013272759970277548, 0.0015377139206975698, 0.0013440260663628578, 0.0016228819731622934, 0.0013153159525245428, 0.0015089439693838358, 0.001428054878488183, 0.001581723103299737, 0.003540842095389962, 0.0011883571278303862, 0.00333801400847733, 0.0008647111244499683, 0.0023679849691689014, 0.0009013409726321697, 0.0020016380585730076, 0.0008861608803272247, 0.0018902800511568785, 0.001505933003500104, 0.0017662409227341413, 0.0009496898856014013, 0.0020282980985939503, 0.0015391441993415356, 0.001816831063479185, 0.001299097202718258, 0.0017798708286136389, 0.0012983959168195724, 0.0016116329934448004, 0.0008768411353230476, 0.001760781044140458, 0.0009195611346513033, 0.0017947109881788492],