{"start_time": 220, "moves": [[0], [6], [0], [6], [0], [4], [0], [5], [2], [7], [3], [1], [5], [7], [6], [7], [4], [1], [4], [3], [4], [1], [4], [1], [6], [7], [6], [7], [4], [5], [4], [5], [2], [7], [3], [0], [3], [6], [2], [6], [4], [6], [4], [7], [6], [0], [7], [6], [5], [6], [6], [4], [0], [3], [0], [2], [0], [2], [0], [3], [0], [5], [0], [3], [0], [4], [0], [2], [2], [2], [3], [2], [1], [1], [1], [3], [3], [5], [1], [4], [7], [2], [1], [2], [0], [4], [0], [3], [1], [2], [1], [2], [1], [2], [3], [0], [5], [0], [6], [0], [4], [7], [5], [5], [3], [7], [1], [1], [3], [1], [3], [7], [2], [5], [0], [7], [0], [5]], "times": [0.0009239369537681341, 0.0006429711356759071, 0.0003431460354477167, 0.00032672611996531487, 0.00016918801702558994, 0.00016577797941863537, 0.0003376149106770754, 0.00016976799815893173, 0.0003423551097512245, 0.0005019828677177429, 0.0003267950378358364, 0.000220936955884099, 0.0002769159618765116, 0.00041021406650543213, 0.00040644407272338867, 0.0003123660571873188, 0.0002326369285583496, 0.0003341750707477331, 0.0003076351713389158, 0.0004509640857577324, 0.00045654294081032276, 0.0002660658210515976, 0.00043670390732586384, 0.0004681141581386328, 0.00041524413973093033, 0.00045227399095892906, 0.00023153703659772873, 0.00047150300815701485, 0.00038630515336990356, 0.00045809405855834484, 0.00029412610456347466, 0.00045702396892011166, 0.0002755869645625353, 0.0004673029761761427, 0.00022844714112579823, 0.0004678838886320591, 0.0004014349542558193, 0.00028606620617210865, 0.00024216691963374615, 0.000451844185590744, 0.00040029501542449, 0.0004521738737821579, 0.00045879301615059376, 0.0004390440881252289, 0.00027672597207129, 0.00030537485145032406, 0.00014149793423712254, 0.00019627693109214306, 0.0005086630117148161, 0.00036726496182382107, 0.00019566714763641357, 0.00019691791385412216, 0.00036933482624590397, 0.0005250219255685806, 0.0003961138427257538, 0.0004735528491437435, 0.00029653613455593586, 0.00044660409912467003, 0.00013781804591417313, 0.0004401740152388811, 0.0004097139462828636, 0.00028743594884872437, 0.0003958239685744047, 0.00022998708300292492, 0.0003147060051560402, 0.00024283700622618198, 0.00026509608142077923, 0.00026774615980684757, 0.0003890739753842354, 0.00027023605071008205, 0.0004421940539032221, 0.00045169400982558727, 0.0004730229265987873, 0.00044875405728816986, 0.00038802390918135643, 0.00034760497510433197, 0.0002271970734000206, 0.00026666605845093727, 0.00042757391929626465, 0.00037636514753103256, 0.00032232608646154404, 0.0004193249624222517, 0.0004526739940047264, 0.0003307349979877472, 0.0004652729257941246, 0.0004187941085547209, 0.0003506049979478121, 0.00041968398727476597, 0.00043799402192234993, 0.00047281384468078613, 0.0004681539721786976, 0.00021328707225620747, 0.0004684240557253361, 0.0004307439085096121, 0.00039927498437464237, 0.00039323396049439907, 0.0004699740093201399, 0.0002391771413385868, 0.000449193874374032, 0.0003992340061813593, 0.00043315417133271694, 0.00040780496783554554, 0.0002163969911634922, 0.00031911605037748814, 0.00044997408986091614, 0.0004687639884650707, 0.0002767059486359358, 0.0002727760002017021, 0.0004405239596962929, 0.0004398440942168236, 0.0004591939505189657, 0.00047075399197638035, 0.00047378381714224815, 0.00039905495941638947, 0.0002822859678417444, 0.00026977621018886566, 0.000293755903840065, 0.00023348606191575527], "cells_lost": [[], [], [], [], [], [], [], [], [[2, 8]], [[14, 8]], [[2, 7]], [[13, 8]], [[2, 6]], [[12, 8]], [[2, 5]], [[12, 9]], [[2, 4]], [[11, 10]], [[3, 4]], [[10, 9]], [[4, 5]], [[11, 8]], [[3, 6]], [[10, 7]], [[2, 6]], [[9, 6]], [[2, 7]], [[10, 5]], [[2, 8]], [[11, 6]], [], [[12, 5]], [], [[13, 4]], [[2, 9]], [[12, 3]], [[2, 10]], [[11, 2]], [[1, 10]], [[10, 3]], [[0, 10]], [[9, 4]], [[0, 11]], [[8, 3]], [], [[8, 2]], [], [[7, 2]], [[0, 12]], [[6, 2]], [[1, 12]], [[5, 2]], [[2, 13]], [[4, 1]], [[3, 14]], [[4, 0]], [], [[3, 0]], [], [[2, 0]], [[4, 14]], [[2, 1]], [[4, 15]], [[3, 2]], [[4, 16]], [[4, 2]], [[3, 16]], [[5, 2]], [[2, 15]], [[6, 3]], [[1, 16]], [[5, 4]], [[0, 16]], [[6, 5]], [[0, 15]], [[6, 6]], [[0, 14]], [[7, 6]], [[0, 13]], [[8, 6]], [[0, 12]], [[9, 6]], [[0, 11]], [[10, 5]], [[0, 10]], [[11, 6]], [[0, 9]], [[10, 7]], [[0, 8]], [[10, 8]], [[1, 8]], [[11, 8]], [[2, 9]], [[12, 8]], [[3, 8]], [[12, 9]], [[4, 7]], [[13, 10]], [[5, 8]], [[14, 10]], [[6, 7]], [[15, 10]], [[5, 6]], [[16, 10]], [[6, 5]], [[16, 9]], [[6, 4]], [[16, 8]], [[6, 3]], [[16, 7]], [[7, 2]], [[15, 6]], [[8, 1]], [[14, 7]], [[9, 0]], [[13, 6]], [[10, 1]], [[14, 5]]], "cells_gained": [[[2, 7]], [[13, 8]], [[2, 6]], [[12, 8]], [[2, 5]], [[12, 9]], [[2, 4]], [[11, 10]], [[3, 4]], [[10, 9]], [[4, 5]], [[11, 8]], [[3, 6]], [[10, 7]], [[2, 6]], [[9, 6]], [[2, 7]], [[10, 5]], [[2, 8]], [[11, 6]], [[2, 9]], [[12, 5]], [[2, 10]], [[13, 4]], [[1, 10]], [[12, 3]], [[0, 10]], [[11, 2]], [[0, 11]], [[10, 3]], [[0, 12]], [[9, 4]], [[1, 12]], [[8, 3]], [[2, 13]], [[8, 2]], [[3, 14]], [[7, 2]], [[4, 14]], [[6, 2]], [[4, 15]], [[5, 2]], [[4, 16]], [[4, 1]], [[3, 16]], [[4, 0]], [[2, 15]], [[3, 0]], [[1, 16]], [[2, 0]], [[0, 16]], [[2, 1]], [[0, 15]], [[3, 2]], [[0, 14]], [[4, 2]], [[0, 13]], [[5, 2]], [[0, 12]], [[6, 3]], [[0, 11]], [[5, 4]], [[0, 10]], [[6, 5]], [[0, 9]], [[6, 6]], [[0, 8]], [[7, 6]], [[1, 8]], [[8, 6]], [[2, 9]], [[9, 6]], [[3, 8]], [[10, 5]], [[4, 7]], [[11, 6]], [[5, 8]], [[10, 7]], [[6, 7]], [[10, 8]], [[5, 6]], [[11, 8]], [[6, 5]], [[12, 8]], [[6, 4]], [[12, 9]], [[6, 3]], [[13, 10]], [[7, 2]], [[14, 10]], [[8, 1]], [[15, 10]], [[9, 0]], [[16, 10]], [[10, 1]], [[16, 9]], [[9, 2]], [[16, 8]], [[8, 2]], [[16, 7]], [[8, 3]], [[15, 6]], [[7, 4]], [[14, 7]], [[8, 5]], [[13, 6]], [[9, 4]], [[14, 5]], [[10, 5]], [[15, 4]], [[11, 6]], [[14, 3]], [[12, 6]], [[13, 4]], [[12, 5]], [[12, 3]], [[12, 4]], [[11, 4]]], "traps_created": [[], [], [], [], [], [], [], [], [], [], [], [], [], [], [], [], [], [], [], [], [], [], [], [], [], [], [], [], [], [], [], [], [], [], [], [], [], [], [], [], [], [], [], [], [], [], [], [], [], [], [], [], [], [], [], [], [], [], [], [], [], [], [], [], [], [], [], [], [], [], [], [], [], [], [], [], [], [], [], [], [], [], [], [], [], [], [], [], [], [], [], [], [], [], [], [], [], [], [], [], [], [], [], [], [], [], [], [], [], [], [], [], [], [], [], [], [], []], "traps_lost": [[], [], [], [], [], [], [], [], [], [], [], [], [], [], [], [], [], [], [], [], [], [], [], [], [], [], [], [], [], [], [], [], [], [], [], [], [], [], [], [], [], [], [], [], [], [], [], [], [], [], [], [], [], [], [], [], [], [], [], [], [], [], [], [], [], [], [], [], [], [], [], [], [], [], [], [], [], [], [], [], [], [], [], [], [], [], [], [], [], [], [], [], [], [], [], [], [], [], [], [], [], [], [], [], [], [], [], [], [], [], [], [], [], [], [], [], [], []], "a_length": [5, 5, 5, 5, 5, 5, 5, 5, 5, 5, 5, 5, 5, 5, 5, 5, 5, 5, 5, 5, 5, 5, 5, 5, 5, 5, 5, 5, 5, 7, 7, 7, 7, 7, 7, 7, 7, 7, 7, 7, 7, 7, 7, 9, 9, 9, 9, 9, 9, 9, 9, 9, 9, 9, 9, 11, 11, 11, 11, 11, 11, 11, 11, 11, 11, 11, 11, 11, 11, 11, 11, 11, 11, 11, 11, 11, 11, 11, 11, 11, 11, 11, 11, 11, 11, 11, 11, 11, 11, 11, 11, 11, 11, 11, 11, 11, 11, 11, 11, 11, 11, 11, 11, 11, 11, 11, 11, 11, 11, 11, 11, 11, 11, 11, 11, 11, 11, 11, 11], "b_length": [5, 5, 5, 5, 5, 5, 5, 5, 5, 5, 5, 5, 5, 5, 5, 5, 5, 5, 5, 5, 5, 5, 5, 5, 5, 5, 5, 5, 5, 5, 5, 5, 5, 5, 5, 5, 5, 5, 5, 5, 5, 5, 5, 5, 5, 5, 5, 5, 5, 5, 5, 5, 5, 5, 5, 5, 5, 5, 5, 5, 5, 5, 5, 5, 5, 5, 5, 5, 5, 5, 5, 5, 5, 5, 5, 5, 5, 5, 5, 5, 5, 5, 5, 5, 5, 5, 5, 5, 5, 5, 5, 5, 5, 5, 5, 5, 5, 5, 5, 5, 5, 5, 5, 5, 5, 5, 5, 5, 5, 5, 5, 5, 5, 5, 5, 5, 5, 5, 5],