{"start_time": 220, "moves": [[0], [0], [7], [0], [1], [0], [7], [0], [5], [2], [4], [3], [4], [4], [4], [4], [4], [4], [4], [4], [4], [5], [4], [5], [4], [5], [3], [7], [1], [1], [1], [2], [1], [2], [7], [1], [1], [7], [0], [5], [0], [7], [7], [7], [7], [7], [7], [5], [5], [7], [3], [5], [3], [4], [5], [4], [7], [3], [0], [2], [2], [0], [1], [0], [3], [2], [5], [1], [5], [7], [7], [6], [1], [0], [1], [1], [3], [2], [5], [2], [5], [2], [7], [0], [1], [1], [1], [1], [3], [0], [5], [6], [5], [6], [7], [4], [1], [4], [1], [2], [7], [2], [6], [4], [0], [4], [0], [6], [0], [7], [0], [7], [2], [1], [2], [1]], "times": [0.4394787298515439, 0.0007691599894315004, 0.006670723902061582, 0.00039135501720011234, 0.0013249930925667286, 0.00028945598751306534, 0.0011088061146438122, 0.000300966901704669, 0.001323373056948185, 0.0003621750511229038, 0.005832635099068284, 0.0005322829820215702, 0.003045532153919339, 0.000547362957149744, 0.001026537036523223, 0.0002668260131031275, 0.001019046874716878, 0.0005045030266046524, 0.0011371949221938848, 0.0004090650472790003, 0.0009513180702924728, 0.0003580248448997736, 0.0009442879818379879, 0.00042233499698340893, 0.0008627891074866056, 0.0005047230515629053, 0.0008619888685643673, 0.0003494550473988056, 0.0013515031896531582, 0.0005806130357086658, 0.001212074887007475, 0.0004621739499270916, 0.0014292020350694656, 0.00035673612728714943, 0.0012647139374166727, 0.00042372383177280426, 0.0012957630679011345, 0.00024405610747635365, 0.001227084081619978, 0.0003717148210853338, 0.0012855338864028454, 0.0004607047885656357, 0.0037353120278567076, 0.0005897129885852337, 0.0016772879753261805, 0.0005492218770086765, 0.001276942901313305, 0.0005779028870165348, 0.0013035740703344345, 0.00045109400525689125, 0.0012569641694426537, 0.00027471710927784443, 0.001188565045595169, 0.00047171395272016525, 0.0011291350238025188, 0.0005707431118935347, 0.0011761551722884178, 0.0004480138886719942, 0.0009065489284694195, 0.0005830822046846151, 0.0010774959810078144, 0.000548182986676693, 0.001176605001091957, 0.0004612039774656296, 0.0012081949971616268, 0.00033800583332777023, 0.0012540039606392384, 0.00032613612711429596, 0.0011760150082409382, 0.0003983350470662117, 0.0013252929784357548, 0.0005345239769667387, 0.0010966458357870579, 0.0004303248133510351, 0.0010743660386651754, 0.000469844089820981, 0.001455850899219513, 0.0003656451590359211, 0.0012580540496855974, 0.00034583499655127525, 0.001011366955935955, 0.0003374458756297827, 0.0011431858874857426, 0.0005659230519086123, 0.001059497008100152, 0.00026820600032806396, 0.0016725780442357063, 0.0004865541122853756, 0.0013010331895202398, 0.0004355341661721468, 0.001138885971158743, 0.0004599939566105604, 0.0012825240846723318, 0.0003785048611462116, 0.0011323450598865747, 0.000327905872836709, 0.0010723660234361887, 0.0005754630547016859, 0.0011858849320560694, 0.00027630594559013844, 0.0014997608959674835, 0.000339125981554389, 0.00113120605237782, 0.0002634169068187475, 0.0009591879788786173, 0.00037870509549975395, 0.0011354249436408281, 0.0004068638663738966, 0.0009992870036512613, 0.0005936832167208195, 0.0009703279938548803, 0.000426633981987834, 0.0008262989576905966, 0.00037104496732354164, 0.0008687588851898909, 0.0005331931170076132], "cells_lost": [[], [], [], [], [], [], [], [], [[2, 8]], [[14, 8]], [[2, 7]], [[14, 7]], [[1, 6]], [[14, 6]], [[2, 5]], [[14, 5]], [[1, 4]], [[14, 4]], [[0, 5]], [[15, 4]], [[0, 6]], [[16, 5]], [[0, 7]], [[16, 6]], [[0, 8]], [[16, 7]], [[0, 9]], [[16, 8]], [[0, 10]], [[16, 9]], [[0, 11]], [[15, 10]], [[0, 12]], [[14, 11]], [[0, 13]], [[13, 12]], [[1, 14]], [[12, 11]], [[2, 13]], [[13, 10]], [[3, 12]], [[14, 10]], [[4, 11]], [[15, 10]], [[3, 10]], [[16, 9]], [[4, 9]], [[15, 8]], [[4, 8]], [[14, 9]], [[4, 7]], [[13, 8]], [[3, 6]], [[12, 7]], [[2, 5]], [[11, 6]], [[1, 4]], [[10, 7]], [[0, 5]], [[9, 6]], [[1, 6]], [[8, 7]], [[2, 7]], [], [[1, 8]], [], [[0, 7]], [], [[0, 6]], [], [[1, 6]], [[8, 8]], [[2, 5]], [[8, 9]], [[3, 6]], [[9, 10]], [[2, 7]], [[10, 10]], [[1, 8]], [[10, 9]], [[0, 7]], [[10, 8]], [[1, 6]], [[11, 8]], [[2, 5]], [], [[3, 6]], [], [[2, 7]], [[12, 7]], [[1, 8]], [[11, 6]], [[0, 7]], [[10, 6]], [[1, 6]], [[10, 5]], [[2, 5]], [[11, 4]], [[3, 6]], [[12, 4]], [[2, 7]], [[13, 4]], [[1, 8]], [[14, 4]], [[0, 7]], [[14, 3]], [[1, 6]], [[15, 2]], [[2, 5]], [[16, 1]], [], [], [], [], [[1, 4]], [[16, 0]]], "cells_gained": [[[2, 7]], [[14, 7]], [[1, 6]], [[14, 6]], [[2, 5]], [[14, 5]], [[1, 4]], [[14, 4]], [[0, 5]], [[15, 4]], [[0, 6]], [[16, 5]], [[0, 7]], [[16, 6]], [[0, 8]], [[16, 7]], [[0, 9]], [[16, 8]], [[0, 10]], [[16, 9]], [[0, 11]], [[15, 10]], [[0, 12]], [[14, 11]], [[0, 13]], [[13, 12]], [[1, 14]], [[12, 11]], [[2, 13]], [[13, 10]], [[3, 12]], [[14, 10]], [[4, 11]], [[15, 10]], [[3, 10]], [[16, 9]], [[4, 9]], [[15, 8]], [[4, 8]], [[14, 9]], [[4, 7]], [[13, 8]], [[3, 6]], [[12, 7]], [[2, 5]], [[11, 6]], [[1, 4]], [[10, 7]], [[0, 5]], [[9, 6]], [[1, 6]], [[8, 7]], [[2, 7]], [[8, 8]], [[1, 8]], [[8, 9]], [[0, 7]], [[9, 10]], [[0, 6]], [[10, 10]], [[1, 6]], [[10, 9]], [[2, 5]], [[10, 8]], [[3, 6]], [[11, 8]], [[2, 7]], [[12, 7]], [[1, 8]], [[11, 6]], [[0, 7]], [[10, 6]], [[1, 6]], [[10, 5]], [[2, 5]], [[11, 4]], [[3, 6]], [[12, 4]], [[2, 7]], [[13, 4]], [[1, 8]], [[14, 4]], [[0, 7]], [[14, 3]], [[1, 6]], [[15, 2]], [[2, 5]], [[16, 1]], [[3, 6]], [[16, 0]], [[2, 7]], [[15, 0]], [[1, 8]], [[14, 0]], [[0, 7]], [[14, 1]], [[1, 6]], [[2, 2]], [[2, 5]], [[3, 2]], [[1, 4]], [[4, 2]], [[0, 4]], [[4, 3]], [[0, 3]], [[4, 4]], [[0, 2]], [[3, 4]], [[0, 1]], [[2, 3]], [[0, 0]], [[1, 2]], [[1, 0]], [[2, 1]], [[2, 0]], [[3, 0]]], "traps_created": [[], [], [], [], [], [], [], [], [], [], [], [], [], [], [], [], [], [], [], [], [], [], [], [], [], [], [], [], [], [], [], [], [], [], [], [], [], [], [], [], [], [], [], [], [], [], [], [], [], [], [], [], [], [], [], [], [], [], [], [], [], [], [], [], [], [], [], [], [], [], [], [], [], [], [], [], [], [], [], [], [], [], [], [], [], [], [], [], [], [], [], [], [], [], [], [], [], [], [], [], [], [], [], [], [], [], [], [], [], [], [], [], [], [], [], []], "traps_lost": [[], [], [], [], [], [], [], [], [], [], [], [], [], [], [], [], [], [], [], [], [], [], [], [], [], [], [], [], [], [], [], [], [], [], [], [], [], [], [], [], [], [], [], [], [], [], [], [], [], [], [], [], [], [], [], [], [], [], [], [], [], [], [], [], [], [], [], [], [], [], [], [], [], [], [], [], [], [], [], [], [], [], [], [], [], [], [], [], [], [], [], [], [], [], [], [], [], [], [], [], [], [], [], [], [], [], [], [], [], [], [], [], [], [], [], []], "a_length": [5, 5, 5, 5, 5, 5, 5, 5, 5, 5, 5, 5, 5, 5, 5, 5, 5, 5, 5, 5, 5, 5, 5, 5, 5, 5, 5, 5, 5, 5, 5, 5, 5, 5, 5, 5, 5, 5, 5, 5, 5, 5, 5, 5, 5, 5, 5, 5, 5, 5, 5, 5, 5, 5, 5, 5, 5, 5, 5, 5, 5, 5, 5, 5, 5, 5, 5, 5, 5, 5, 5, 5, 5, 5, 5, 5, 5, 5, 5, 5, 5, 5, 5, 5, 5, 5, 5, 5, 5, 5, 5, 5, 5, 5, 5, 5, 5, 5, 5, 5, 5, 5, 5, 5, 5, 5, 5, 5, 5, 7, 7, 7, 7, 7, 7, 7, 7], "b_length": [5, 5, 5, 5, 5, 5, 5, 5, 5, 5, 5, 5, 5, 5, 5, 5, 5, 5, 5, 5, 5, 5, 5, 5, 5, 5, 5, 5, 5, 5, 5, 5, 5, 5, 5, 5, 5, 5, 5, 5, 5, 5, 5, 5, 5, 5, 5, 5, 5, 5, 5, 5, 5, 5, 5, 5, 5, 5, 5, 5, 5, 5, 7, 7, 9, 9, 9, 9, 9, 9, 9, 9, 9, 9, 9, 9, 9, 9, 9, 9, 9, 9, 9, 9, 11, 11, 11, 11, 11, 11, 11, 11, 11, 11, 11, 11, 11, 11, 11, 11, 11, 11, 11, 11, 11, 11, 11, 11, 11, 11, 13, 13, 13, 13, 13, 13, 13],