{"start_time": 220, "moves": [[6], [2], [7], [3], [1], [5], [7], [5], [1], [5], [3], [5], [1], [3], [7], [5], [0], [5], [6], [6], [5], [0], [3], [0], [1], [6], [1], [7], [2], [7], [4], [1], [5], [1], [7], [7], [1], [7], [7], [6], [1], [4], [2], [5], [4], [6], [5], [0], [3], [7], [4], [6], [4], [6], [5], [7], [3], [0], [5], [0], [6], [1], [0], [3], [7], [4], [5], [6], [7]], "times": [0.0006542019546031952, 0.0006093829870223999, 0.00017788796685636044, 0.00017288792878389359, 0.0001627590972930193, 0.00013957801274955273, 0.00020568794570863247, 0.00017812801524996758, 0.0002218268346041441, 0.0002588769420981407, 0.004535968881100416, 0.00017065787687897682, 0.00022044777870178223, 0.0003926260396838188, 0.00029281689785420895, 0.000338986050337553, 0.0003051771782338619, 0.00022882712073624134, 0.0002656669821590185, 0.0001962580718100071, 0.000226547010242939, 0.0002036078367382288, 0.00046248408034443855, 0.0002729669213294983, 0.00030244700610637665, 0.0003554760478436947, 0.0004940140061080456, 0.0002688670065253973, 0.00295322691090405, 0.00023110699839890003, 0.0003515961579978466, 0.0003767451271414757, 0.0003882360178977251, 0.00023537804372608662, 0.0002780570648610592, 0.0002806971315294504, 0.0004922249354422092, 0.00023430702276527882, 0.0002683768980205059, 0.00022988696582615376, 0.0004229149781167507, 0.00029129604808986187, 0.0001912971492856741, 0.00016426807269454002, 0.00027552712708711624, 0.0002690260298550129, 0.002754529006779194, 0.00027326704002916813, 0.00046968506649136543, 0.000317856902256608, 0.00027536717243492603, 0.00022659706883132458, 0.00024099694564938545, 0.00022582686506211758, 0.00028682686388492584, 0.00033190613612532616, 0.00024149799719452858, 0.00027396692894399166, 0.00022994796745479107, 0.0003075969871133566, 0.00047828396782279015, 0.0001938878558576107, 0.00022031692788004875, 0.0003027268685400486, 0.00045537506230175495, 0.00034331600181758404, 0.0002304979134351015, 0.00034358585253357887, 0.0028634481132030487], "cells_lost": [[], [], [], [], [], [], [], [], [[2, 8]], [], [[1, 8]], [], [[0, 7]], [[14, 8]], [[1, 6]], [[15, 8]], [[0, 5]], [[16, 9]], [[1, 4]], [[15, 10]], [[2, 5]], [[14, 11]], [[3, 4]], [[13, 12]], [[2, 3]], [[12, 13]], [[14, 2]], [[13, 14]], [[13, 2]], [[12, 15]], [[12, 3]], [[11, 16]], [[13, 4]], [[10, 16]], [[14, 3]], [[10, 15]], [[15, 2]], [[10, 14]], [[16, 2]], [[9, 14]], [[16, 3]], [[8, 13]], [[15, 4]], [], [[14, 3]], [], [[15, 2]], [[7, 12]], [[14, 1]], [[8, 11]], [[15, 0]], [[9, 10]], [[16, 0]], [[8, 9]], [[16, 1]], [[7, 8]], [[15, 2]], [[6, 8]], [[16, 3]], [[6, 9]], [[16, 4]], [[5, 10]], [[16, 5]], [[4, 10]], [[15, 6]], [[4, 9]], [[16, 7]], [[3, 8]], [[15, 8]]], "cells_gained": [[[1, 8]], [[15, 8]], [[0, 7]], [[16, 9]], [[1, 6]], [[15, 10]], [[0, 5]], [[14, 11]], [[1, 4]], [[13, 12]], [[2, 5]], [[12, 13]], [[3, 4]], [[13, 14]], [[2, 3]], [[12, 15]], [[14, 2]], [[11, 16]], [[13, 2]], [[10, 16]], [[12, 3]], [[10, 15]], [[13, 4]], [[10, 14]], [[14, 3]], [[9, 14]], [[15, 2]], [[8, 13]], [[16, 2]], [[7, 12]], [[16, 3]], [[8, 11]], [[15, 4]], [[9, 10]], [[14, 3]], [[8, 9]], [[15, 2]], [[7, 8]], [[14, 1]], [[6, 8]], [[15, 0]], [[6, 9]], [[16, 0]], [[5, 10]], [[16, 1]], [[4, 10]], [[15, 2]], [[4, 9]], [[16, 3]], [[3, 8]], [[16, 4]], [[2, 8]], [[16, 5]], [[1, 8]], [[15, 6]], [[0, 7]], [[16, 7]], [[0, 6]], [[15, 8]], [[0, 5]], [[14, 8]], [[1, 4]], [[14, 7]], [[2, 5]], [[13, 6]], [[2, 6]], [[12, 7]], [[1, 6]], [[11, 6]]], "traps_created": [[], [], [], [], [], [], [], [], [], [], [], [], [], [], [], [], [], [], [], [], [], [], [], [], [], [], [], [], [], [], [], [], [], [], [], [], [], [], [], [], [], [], [], [], [], [], [], [], [], [], [], [], [], [], [], [], [], [], [], [], [], [], [], [], [], [], [], [], []], "traps_lost": [[], [], [], [], [], [], [], [], [], [], [], [], [], [], [], [], [], [], [], [], [], [], [], [], [], [], [], [], [], [], [], [], [], [], [], [], [], [], [], [], [], [], [], [], [], [], [], [], [], [], [], [], [], [], [], [], [], [], [], [], [], [], [], [], [], [], [], [], []], "a_length": [5, 5, 5, 5, 5, 5, 5, 5, 5, 5, 5, 5, 5, 5, 5, 5, 5, 5, 5, 5, 5, 5, 5, 5, 5, 5, 5, 5, 5, 5, 5, 5, 5, 5, 5, 5, 5, 5, 5, 5, 5, 5, 5, 5, 5, 5, 5, 5, 5, 5, 5, 5, 5, 5, 5, 5, 5, 5, 5, 5, 5, 5, 5, 5, 5, 5, 5, 5, 5, 5], "b_length": [5, 5, 5, 5, 7, 7, 7, 7, 7, 7, 7, 7, 7, 7, 7, 7, 7, 7, 7, 7, 7, 7, 7, 7, 7, 7, 7, 7, 7, 7, 7, 7, 7, 7, 7, 7, 7, 7, 7, 7, 7, 7, 9, 9, 9, 9, 9, 9, 9, 9, 9, 9, 9, 9, 9, 9, 9, 9, 9, 9, 9, 9, 9, 9, 9, 9, 9, 9, 9, 9], "game_map": "17,17#2,8#14,8#5#2#2,2,14,2_14,2,2,2_2,14,14,14_14,14,2,14#0,2,13_0,14,13_0,0,9_0,16,9_0,0,15_0,16,15_0,6,9_0,10,9_100,8,5_100,3,2_100,13,2_100,5,12_100,11,12_100,6,7_100,10,7_200,3,6_200,13,6_200,7,4_200,9,4_200,1,12_200,15,12_200,0,0_200,16,0_300,5,14_300,11,14_300,7,12_300,9,12_300,3,14_300,13,14_300,0,3_300,16,3_400,2,1_400,14,1_400,0,5_400,16,5_400,6,0_400,10,0_400,5,14_400,11,14_500,3,6_500,13,6_500,0,9_500,16,9_500,6,13_500,10,13_500,5,16_500,11,16_600,5,2_600,11,2_600,2,0_600,14,0_600,0,5_600,16,5_600,8,9_700,1,10_700,15,10_700,5,14_700,11,14_700,4,14_700,12,14_700,6,11_700,10,11_800,7,12_800,9,12_800,1,14_800,15,14_800,7,2_800,9,2_800,5,6_800,11,6_900,8,16_900,3,16_900,13,16_900,4,7_900,12,7_900,7,4_900,9,4_1000,3,12_1000,13,12_1000,6,4_1000,10,4_1000,5,8_1000,11,8_1000,6,7_1000,10,7_1100,1,2_1100,15,2_1100,6,2_1100,10,2_1100,8,9_1100,6,5_1100,10,5_1200,0,0_1200,16,0_1200,5,2_1200,11,2_1200,8,2_1200,1,10_1200,15,10_1300,3,12_1300,13,12_1300,5,12_1300,11,12_1300,2,1_1300,14,1_1300,4,6_1300,12,6_1400,4,1_1400,12,1_1400,6,16_1400,10,16_1400,0,3_1400,16,3_1400,5,16_1400,11,16_1500,7,6_1500,9,6_1500,3,14_1500,13,14_1500,1,0_1500,15,0_1500,3,8_1500,13,8_1600,4,7_1600,12,7_1600,4,9_1600,12,9_1600,6,12_1600,10,12_1600,1,16_1600,15,16_1700,4,11_1700,12,11_1700,7,16_1700,9,16_1700,7,4_1700,9,4_1700,2,10_1700,14,10_1800,1,10_1800,15,10_1800,1,16_1800,15,16_1800,6,11_1800,10,11_1800,4,5_1800,12,5_1900,4,2_1900,12,2_1900,3,0_1900,13,0_1900,1,4_1900,15,4_1900,2,14_1900,14,14#0000000000000000001010101010101010000000000000000000101010101010101000000000000000000010101010101010100000000000000000001010101010101010000000000000000000101010101010101000000000000000000010101010101010100000000000000000001010101010101010000000000000000000101010101010101000000000000000000#1", "bidA": 0, "bidB": 0, "a_start": true, "turn_count": 69, "result": 0, "reason": "forfeit"}